Component 1,CAS-RN 1,Component 2,CAS-RN 2,Liquid Fraction 1 (mol/mol),Temperature (Â°C),Liquid Fraction 2 (mol/mol),Pressure EXP (bar),SMILES 1,SMILES 2
h2s,7783-06-4,cyclohexane,110-82-7,0.085,50,0.915,4.0,S,C1CCCCC1
h2s,7783-06-4,cyclohexane,110-82-7,0.142,50,0.858,6.65,S,C1CCCCC1
h2s,7783-06-4,cyclohexane,110-82-7,0.252,50,0.748,10.75,S,C1CCCCC1
h2s,7783-06-4,cyclohexane,110-82-7,0.33,50,0.6699999999999999,14.2,S,C1CCCCC1
h2s,7783-06-4,cyclohexane,110-82-7,0.414,50,0.5860000000000001,17.8,S,C1CCCCC1
h2s,7783-06-4,cyclohexane,110-82-7,0.533,50,0.467,21.9,S,C1CCCCC1
h2s,7783-06-4,cyclohexane,110-82-7,0.657,50,0.343,25.85,S,C1CCCCC1
h2s,7783-06-4,cyclohexane,110-82-7,0.776,50,0.224,30.35,S,C1CCCCC1
h2s,7783-06-4,DMSO,67-68-5,0.141,40,0.859,1.33,S,CS(=O)C
h2s,7783-06-4,DMSO,67-68-5,0.169,40,0.831,1.26,S,CS(=O)C
h2s,7783-06-4,DMSO,67-68-5,0.233,40,0.767,1.6,S,CS(=O)C
h2s,7783-06-4,DMSO,67-68-5,0.301,40,0.6990000000000001,1.82,S,CS(=O)C
h2s,7783-06-4,DMSO,67-68-5,0.405,40,0.595,2.22,S,CS(=O)C
h2s,7783-06-4,DMSO,67-68-5,0.445,40,0.5549999999999999,2.89,S,CS(=O)C
h2s,7783-06-4,DMSO,67-68-5,0.503,40,0.497,4.29,S,CS(=O)C
h2s,7783-06-4,DMSO,67-68-5,0.565,40,0.4350000000000001,8.43,S,CS(=O)C
h2s,7783-06-4,DMSO,67-68-5,0.601,40,0.399,11.23,S,CS(=O)C
h2s,7783-06-4,DMSO,67-68-5,0.627,40,0.373,13.46,S,CS(=O)C
h2s,7783-06-4,DMSO,67-68-5,0.65,40,0.35,15.35,S,CS(=O)C
h2s,7783-06-4,DMSO,67-68-5,0.23,50,0.77,2.02,S,CS(=O)C
h2s,7783-06-4,DMSO,67-68-5,0.299,50,0.7010000000000001,2.26,S,CS(=O)C
h2s,7783-06-4,DMSO,67-68-5,0.403,50,0.597,2.71,S,CS(=O)C
h2s,7783-06-4,DMSO,67-68-5,0.444,50,0.556,3.29,S,CS(=O)C
h2s,7783-06-4,DMSO,67-68-5,0.501,50,0.499,5.05,S,CS(=O)C
h2s,7783-06-4,DMSO,67-68-5,0.563,50,0.4370000000000001,9.99,S,CS(=O)C
h2s,7783-06-4,DMSO,67-68-5,0.598,50,0.402,12.92,S,CS(=O)C
h2s,7783-06-4,DMSO,67-68-5,0.624,50,0.376,15.98,S,CS(=O)C
h2s,7783-06-4,DMSO,67-68-5,0.646,50,0.354,18.58,S,CS(=O)C
h2s,7783-06-4,DMF,68-12-2,0.122,30,0.878,2.39,S,CN(C)C=O
h2s,7783-06-4,DMF,68-12-2,0.16,30,0.84,3.19,S,CN(C)C=O
h2s,7783-06-4,DMF,68-12-2,0.192,30,0.808,3.89,S,CN(C)C=O
h2s,7783-06-4,DMF,68-12-2,0.217,30,0.783,4.43,S,CN(C)C=O
h2s,7783-06-4,DMF,68-12-2,0.255,30,0.745,5.28,S,CN(C)C=O
h2s,7783-06-4,DMF,68-12-2,0.275,30,0.725,5.79,S,CN(C)C=O
h2s,7783-06-4,DMF,68-12-2,0.121,40,0.879,2.91,S,CN(C)C=O
h2s,7783-06-4,DMF,68-12-2,0.159,40,0.841,3.88,S,CN(C)C=O
h2s,7783-06-4,DMF,68-12-2,0.191,40,0.8089999999999999,4.74,S,CN(C)C=O
h2s,7783-06-4,DMF,68-12-2,0.216,40,0.784,5.4,S,CN(C)C=O
h2s,7783-06-4,DMF,68-12-2,0.253,40,0.747,6.45,S,CN(C)C=O
h2s,7783-06-4,DMF,68-12-2,0.273,40,0.727,7.06,S,CN(C)C=O
h2s,7783-06-4,DMF,68-12-2,0.12,50,0.88,3.48,S,CN(C)C=O
h2s,7783-06-4,DMF,68-12-2,0.158,50,0.842,4.64,S,CN(C)C=O
h2s,7783-06-4,DMF,68-12-2,0.19,50,0.81,5.66,S,CN(C)C=O
h2s,7783-06-4,DMF,68-12-2,0.214,50,0.786,6.44,S,CN(C)C=O
h2s,7783-06-4,DMF,68-12-2,0.252,50,0.748,7.68,S,CN(C)C=O
h2s,7783-06-4,DMF,68-12-2,0.271,50,0.729,8.46,S,CN(C)C=O
h2s,7783-06-4,m-xylene,108-38-3,0.0403,38,0.9597,1.46169,S,CC1=CC(=CC=C1)C
h2s,7783-06-4,m-xylene,108-38-3,0.1334,38,0.8666,3.83349,S,CC1=CC(=CC=C1)C
h2s,7783-06-4,m-xylene,108-38-3,0.3139,38,0.6860999999999999,7.7911,S,CC1=CC(=CC=C1)C
h2s,7783-06-4,m-xylene,108-38-3,0.4651,38,0.5348999999999999,11.7211,S,CC1=CC(=CC=C1)C
h2s,7783-06-4,m-xylene,108-38-3,0.6873,38,0.3127,17.5127,S,CC1=CC(=CC=C1)C
h2s,7783-06-4,m-xylene,108-38-3,0.7514,38,0.2486,19.1674,S,CC1=CC(=CC=C1)C
h2s,7783-06-4,m-xylene,108-38-3,0.8394,38,0.1606,21.3048,S,CC1=CC(=CC=C1)C
h2s,7783-06-4,m-xylene,108-38-3,0.9501,38,0.04990000000000006,24.8211,S,CC1=CC(=CC=C1)C
h2s,7783-06-4,m-xylene,108-38-3,0.9931,38,0.006900000000000017,26.269,S,CC1=CC(=CC=C1)C
h2s,7783-06-4,"n,n-dimethylacetamide",127-19-5,0.124,30,0.876,1.21,S,CC(=O)N(C)C
h2s,7783-06-4,"n,n-dimethylacetamide",127-19-5,0.182,30,0.8180000000000001,1.91,S,CC(=O)N(C)C
h2s,7783-06-4,"n,n-dimethylacetamide",127-19-5,0.28,30,0.72,3.35,S,CC(=O)N(C)C
h2s,7783-06-4,"n,n-dimethylacetamide",127-19-5,0.35,30,0.65,4.58,S,CC(=O)N(C)C
h2s,7783-06-4,"n,n-dimethylacetamide",127-19-5,0.411,30,0.589,5.86,S,CC(=O)N(C)C
h2s,7783-06-4,"n,n-dimethylacetamide",127-19-5,0.474,30,0.526,7.34,S,CC(=O)N(C)C
h2s,7783-06-4,"n,n-dimethylacetamide",127-19-5,0.121,40,0.879,1.5,S,CC(=O)N(C)C
h2s,7783-06-4,"n,n-dimethylacetamide",127-19-5,0.178,40,0.8220000000000001,2.38,S,CC(=O)N(C)C
h2s,7783-06-4,"n,n-dimethylacetamide",127-19-5,0.276,40,0.724,4.15,S,CC(=O)N(C)C
h2s,7783-06-4,"n,n-dimethylacetamide",127-19-5,0.346,40,0.654,5.64,S,CC(=O)N(C)C
h2s,7783-06-4,"n,n-dimethylacetamide",127-19-5,0.406,40,0.594,7.19,S,CC(=O)N(C)C
h2s,7783-06-4,"n,n-dimethylacetamide",127-19-5,0.47,40,0.53,9.03,S,CC(=O)N(C)C
h2s,7783-06-4,"n,n-dimethylacetamide",127-19-5,0.119,50,0.881,1.83,S,CC(=O)N(C)C
h2s,7783-06-4,"n,n-dimethylacetamide",127-19-5,0.175,50,0.825,2.88,S,CC(=O)N(C)C
h2s,7783-06-4,"n,n-dimethylacetamide",127-19-5,0.271,50,0.729,5.0,S,CC(=O)N(C)C
h2s,7783-06-4,"n,n-dimethylacetamide",127-19-5,0.34,50,0.6599999999999999,6.8,S,CC(=O)N(C)C
h2s,7783-06-4,"n,n-dimethylacetamide",127-19-5,0.4,50,0.6,8.62,S,CC(=O)N(C)C
h2s,7783-06-4,"n,n-dimethylacetamide",127-19-5,0.464,50,0.536,10.83,S,CC(=O)N(C)C
h2s,7783-06-4,benzene,71-43-2,0.144,50,0.856,4.55,S,C1=CC=CC=C1
h2s,7783-06-4,benzene,71-43-2,0.262,50,0.738,7.9,S,C1=CC=CC=C1
h2s,7783-06-4,benzene,71-43-2,0.398,50,0.602,12.2,S,C1=CC=CC=C1
h2s,7783-06-4,benzene,71-43-2,0.521,50,0.479,16.15,S,C1=CC=CC=C1
h2s,7783-06-4,benzene,71-43-2,0.626,50,0.374,20.1,S,C1=CC=CC=C1
h2s,7783-06-4,benzene,71-43-2,0.738,50,0.262,24.15,S,C1=CC=CC=C1
h2s,7783-06-4,benzene,71-43-2,0.831,50,0.169,27.95,S,C1=CC=CC=C1
h2s,7783-06-4,benzene,71-43-2,0.936,50,0.06399999999999995,32.3,S,C1=CC=CC=C1
h2s,7783-06-4,n-hexane,110-54-3,0.095,50,0.905,4.3,S,CCCCCC
h2s,7783-06-4,n-hexane,110-54-3,0.199,50,0.8009999999999999,8.4,S,CCCCCC
h2s,7783-06-4,n-hexane,110-54-3,0.307,50,0.6930000000000001,12.05,S,CCCCCC
h2s,7783-06-4,n-hexane,110-54-3,0.421,50,0.579,16.0,S,CCCCCC
h2s,7783-06-4,n-hexane,110-54-3,0.539,50,0.461,20.0,S,CCCCCC
h2s,7783-06-4,n-hexane,110-54-3,0.656,50,0.344,23.8,S,CCCCCC
h2s,7783-06-4,n-hexane,110-54-3,0.788,50,0.212,27.9,S,CCCCCC
h2s,7783-06-4,n-hexane,110-54-3,0.914,50,0.08599999999999997,32.0,S,CCCCCC
h2s,7783-06-4,toluene,108-88-3,0.077,38,0.923,2.03395,S,CC1=CC=CC=C1
h2s,7783-06-4,toluene,108-88-3,0.226,38,0.774,5.46754,S,CC1=CC=CC=C1
h2s,7783-06-4,toluene,108-88-3,0.427,38,0.573,10.3421,S,CC1=CC=CC=C1
h2s,7783-06-4,toluene,108-88-3,0.643,38,0.357,15.8579,S,CC1=CC=CC=C1
h2s,7783-06-4,toluene,108-88-3,0.836,38,0.164,21.8564,S,CC1=CC=CC=C1
h2s,7783-06-4,toluene,108-88-3,0.954,38,0.04600000000000004,25.5106,S,CC1=CC=CC=C1
h2s,7783-06-4,n-heptane,142-82-5,0.1638,20,0.8362,3.979,S,CCCCCCC
h2s,7783-06-4,n-heptane,142-82-5,0.266,20,0.734,6.241,S,CCCCCCC
h2s,7783-06-4,n-heptane,142-82-5,0.3524,20,0.6476,7.896,S,CCCCCCC
h2s,7783-06-4,n-heptane,142-82-5,0.467,20,0.5329999999999999,10.057,S,CCCCCCC
h2s,7783-06-4,n-heptane,142-82-5,0.5906,20,0.4094,12.183,S,CCCCCCC
h2s,7783-06-4,n-heptane,142-82-5,0.7164,20,0.2836,14.036,S,CCCCCCC
h2s,7783-06-4,n-heptane,142-82-5,0.8767,20,0.1233,16.119,S,CCCCCCC
h2s,7783-06-4,n-heptane,142-82-5,0.043,38,0.957,1.59958,S,CCCCCCC
h2s,7783-06-4,n-heptane,142-82-5,0.166,38,0.834,5.64681,S,CCCCCCC
h2s,7783-06-4,n-heptane,142-82-5,0.18,38,0.8200000000000001,6.06739,S,CCCCCCC
h2s,7783-06-4,n-heptane,142-82-5,0.311,38,0.6890000000000001,10.2042,S,CCCCCCC
h2s,7783-06-4,n-heptane,142-82-5,0.318,38,0.6819999999999999,10.2732,S,CCCCCCC
h2s,7783-06-4,n-heptane,142-82-5,0.435,38,0.565,13.3758,S,CCCCCCC
h2s,7783-06-4,n-heptane,142-82-5,0.538,38,0.462,16.1337,S,CCCCCCC
h2s,7783-06-4,n-heptane,142-82-5,0.545,38,0.455,16.2716,S,CCCCCCC
h2s,7783-06-4,n-heptane,142-82-5,0.675,38,0.325,20.2016,S,CCCCCCC
h2s,7783-06-4,n-heptane,142-82-5,0.68,38,0.32,20.2706,S,CCCCCCC
h2s,7783-06-4,n-heptane,142-82-5,0.819,38,0.181,22.8906,S,CCCCCCC
h2s,7783-06-4,n-heptane,142-82-5,0.845,38,0.155,23.0974,S,CCCCCCC
h2s,7783-06-4,n-heptane,142-82-5,0.927,38,0.07299999999999995,24.2006,S,CCCCCCC
h2s,7783-06-4,propanol,71-23-8,0.0405,30,0.9595,1.63,S,CCCO
h2s,7783-06-4,propanol,71-23-8,0.0666,30,0.9334,2.68,S,CCCO
h2s,7783-06-4,propanol,71-23-8,0.1074,30,0.8926000000000001,4.31,S,CCCO
h2s,7783-06-4,propanol,71-23-8,0.1543,30,0.8457,6.5,S,CCCO
h2s,7783-06-4,propanol,71-23-8,0.0398,40,0.9601999999999999,1.88,S,CCCO
h2s,7783-06-4,propanol,71-23-8,0.0653,40,0.9347,3.08,S,CCCO
h2s,7783-06-4,propanol,71-23-8,0.1051,40,0.8949,5.0,S,CCCO
h2s,7783-06-4,propanol,71-23-8,0.1516,40,0.8484,7.36,S,CCCO
h2s,7783-06-4,propanol,71-23-8,0.0169,50,0.9831,0.98,S,CCCO
h2s,7783-06-4,propanol,71-23-8,0.039,50,0.961,2.15,S,CCCO
h2s,7783-06-4,propanol,71-23-8,0.0641,50,0.9359,3.48,S,CCCO
h2s,7783-06-4,propanol,71-23-8,0.1032,50,0.8968,5.64,S,CCCO
h2s,7783-06-4,propanol,71-23-8,0.1489,50,0.8511,8.32,S,CCCO
h2s,7783-06-4,4-formylmorpholine,4394-85-8,0.563,25,0.4370000000000001,9.42,S,C1COCCN1C=O
h2s,7783-06-4,4-formylmorpholine,4394-85-8,0.799,25,0.201,15.0,S,C1COCCN1C=O
h2s,7783-06-4,4-formylmorpholine,4394-85-8,0.968,25,0.03200000000000003,19.0,S,C1COCCN1C=O
h2s,7783-06-4,4-formylmorpholine,4394-85-8,0.121,40,0.879,1.97,S,C1COCCN1C=O
h2s,7783-06-4,4-formylmorpholine,4394-85-8,0.304,40,0.696,5.55,S,C1COCCN1C=O
h2s,7783-06-4,4-formylmorpholine,4394-85-8,0.366,40,0.634,7.53,S,C1COCCN1C=O
h2s,7783-06-4,4-formylmorpholine,4394-85-8,0.48,40,0.52,10.3,S,C1COCCN1C=O
h2s,7783-06-4,4-formylmorpholine,4394-85-8,0.583,40,0.417,13.7,S,C1COCCN1C=O
h2s,7783-06-4,4-formylmorpholine,4394-85-8,0.684,40,0.3159999999999999,17.6,S,C1COCCN1C=O
h2s,7783-06-4,4-formylmorpholine,4394-85-8,0.984,40,0.01600000000000001,27.81,S,C1COCCN1C=O
h2s,7783-06-4,gamma-butyrolactone,96-48-0,0.118,30,0.882,2.8,S,C1CC(=O)OC1
h2s,7783-06-4,gamma-butyrolactone,96-48-0,0.177,30,0.823,4.35,S,C1CC(=O)OC1
h2s,7783-06-4,gamma-butyrolactone,96-48-0,0.213,30,0.787,5.32,S,C1CC(=O)OC1
h2s,7783-06-4,gamma-butyrolactone,96-48-0,0.249,30,0.751,6.37,S,C1CC(=O)OC1
h2s,7783-06-4,gamma-butyrolactone,96-48-0,0.301,30,0.6990000000000001,7.95,S,C1CC(=O)OC1
h2s,7783-06-4,gamma-butyrolactone,96-48-0,0.113,40,0.887,3.27,S,C1CC(=O)OC1
h2s,7783-06-4,gamma-butyrolactone,96-48-0,0.17,40,0.83,5.09,S,C1CC(=O)OC1
h2s,7783-06-4,gamma-butyrolactone,96-48-0,0.206,40,0.794,6.23,S,C1CC(=O)OC1
h2s,7783-06-4,gamma-butyrolactone,96-48-0,0.241,40,0.759,7.44,S,C1CC(=O)OC1
h2s,7783-06-4,gamma-butyrolactone,96-48-0,0.292,40,0.708,9.32,S,C1CC(=O)OC1
h2s,7783-06-4,gamma-butyrolactone,96-48-0,0.107,50,0.893,3.74,S,C1CC(=O)OC1
h2s,7783-06-4,gamma-butyrolactone,96-48-0,0.162,50,0.838,5.82,S,C1CC(=O)OC1
h2s,7783-06-4,gamma-butyrolactone,96-48-0,0.196,50,0.804,7.15,S,C1CC(=O)OC1
h2s,7783-06-4,gamma-butyrolactone,96-48-0,0.23,50,0.77,8.56,S,C1CC(=O)OC1
h2s,7783-06-4,gamma-butyrolactone,96-48-0,0.28,50,0.72,10.71,S,C1CC(=O)OC1
h2s,7783-06-4,carbon-disulfide,75-15-0,0.1919,25,0.8081,7.1,S,C(=S)=S
h2s,7783-06-4,carbon-disulfide,75-15-0,0.2821,25,0.7179,8.69,S,C(=S)=S
h2s,7783-06-4,carbon-disulfide,75-15-0,0.6038,25,0.3962,13.79,S,C(=S)=S
h2s,7783-06-4,carbon-disulfide,75-15-0,0.7655,25,0.2345,16.05,S,C(=S)=S
h2s,7783-06-4,carbon-disulfide,75-15-0,0.9563,25,0.04369999999999996,19.34,S,C(=S)=S
h2s,7783-06-4,carbon-disulfide,75-15-0,0.2172,50,0.7827999999999999,11.24,S,C(=S)=S
h2s,7783-06-4,carbon-disulfide,75-15-0,0.2982,50,0.7018,13.93,S,C(=S)=S
h2s,7783-06-4,carbon-disulfide,75-15-0,0.5957,50,0.4043,22.96,S,C(=S)=S
h2s,7783-06-4,carbon-disulfide,75-15-0,0.7603,50,0.2397,27.23,S,C(=S)=S
h2s,7783-06-4,carbon-disulfide,75-15-0,0.9528,50,0.04720000000000002,33.66,S,C(=S)=S
h2,1333-74-0,1-2-dimethoxyethane,110-71-4,0.0042,25,0.9958,11.59,[HH],COCCOC
h2,1333-74-0,1-2-dimethoxyethane,110-71-4,0.0162,25,0.9838,45.82,[HH],COCCOC
h2,1333-74-0,1-2-dimethoxyethane,110-71-4,0.0257,25,0.9742999999999999,74.30000000000001,[HH],COCCOC
h2,1333-74-0,1-2-dimethoxyethane,110-71-4,0.0327,25,0.9673,95.30000000000001,[HH],COCCOC
h2,1333-74-0,1-2-dimethoxyethane,110-71-4,0.0074,50,0.9926,17.07,[HH],COCCOC
h2,1333-74-0,1-2-dimethoxyethane,110-71-4,0.0078,50,0.9922,17.82,[HH],COCCOC
h2,1333-74-0,1-2-dimethoxyethane,110-71-4,0.0188,50,0.9812,44.79000000000001,[HH],COCCOC
h2,1333-74-0,1-2-dimethoxyethane,110-71-4,0.0209,50,0.9791,49.16,[HH],COCCOC
h2,1333-74-0,1-2-dimethoxyethane,110-71-4,0.0295,50,0.9705,70.80000000000001,[HH],COCCOC
h2,1333-74-0,1-2-dimethoxyethane,110-71-4,0.0403,50,0.9597,98.2,[HH],COCCOC
h2,1333-74-0,1-4-dioxane,123-91-1,0.0034,25,0.9966,18.95,[HH],C1COCCO1
h2,1333-74-0,1-4-dioxane,123-91-1,0.0121,25,0.9879,65.85000000000001,[HH],C1COCCO1
h2,1333-74-0,1-4-dioxane,123-91-1,0.0171,25,0.9829,94.60000000000001,[HH],C1COCCO1
h2,1333-74-0,1-4-dioxane,123-91-1,0.0065,50,0.9935,28.6,[HH],C1COCCO1
h2,1333-74-0,1-4-dioxane,123-91-1,0.013,50,0.987,57.1,[HH],C1COCCO1
h2,1333-74-0,1-4-dioxane,123-91-1,0.0225,50,0.9775,99.4,[HH],C1COCCO1
h2,1333-74-0,2-2-(2-methoxyethoxy)ethoxyethanol,112-35-6,0.0035,25,0.9965,17.59,[HH],COCCOCCOCCO
h2,1333-74-0,2-2-(2-methoxyethoxy)ethoxyethanol,112-35-6,0.0092,25,0.9908,46.49,[HH],COCCOCCOCCO
h2,1333-74-0,2-2-(2-methoxyethoxy)ethoxyethanol,112-35-6,0.0135,25,0.9865,68.30000000000001,[HH],COCCOCCOCCO
h2,1333-74-0,2-2-(2-methoxyethoxy)ethoxyethanol,112-35-6,0.0199,25,0.9801,102.6,[HH],COCCOCCOCCO
h2,1333-74-0,2-2-(2-methoxyethoxy)ethoxyethanol,112-35-6,0.0041,50,0.9959,16.6,[HH],COCCOCCOCCO
h2,1333-74-0,2-2-(2-methoxyethoxy)ethoxyethanol,112-35-6,0.0076,50,0.9924,31.38,[HH],COCCOCCOCCO
h2,1333-74-0,2-2-(2-methoxyethoxy)ethoxyethanol,112-35-6,0.016,50,0.984,66.80000000000001,[HH],COCCOCCOCCO
h2,1333-74-0,2-2-(2-methoxyethoxy)ethoxyethanol,112-35-6,0.0245,50,0.9755,103.3,[HH],COCCOCCOCCO
h2,1333-74-0,acetone,67-64-1,0.0042,25,0.9958,14.73,[HH],CC(=O)C
h2,1333-74-0,acetone,67-64-1,0.0079,25,0.9921,27.5,[HH],CC(=O)C
h2,1333-74-0,acetone,67-64-1,0.0091,25,0.9909,32.3,[HH],CC(=O)C
h2,1333-74-0,acetone,67-64-1,0.0132,25,0.9868,47.3,[HH],CC(=O)C
h2,1333-74-0,acetone,67-64-1,0.0149,25,0.9851,52.8,[HH],CC(=O)C
h2,1333-74-0,acetone,67-64-1,0.0152,25,0.9848,54.1,[HH],CC(=O)C
h2,1333-74-0,acetone,67-64-1,0.0209,25,0.9791,73.4,[HH],CC(=O)C
h2,1333-74-0,acetone,67-64-1,0.0246,25,0.9754,88.10000000000001,[HH],CC(=O)C
h2,1333-74-0,acetone,67-64-1,0.0266,25,0.9734,94.80000000000001,[HH],CC(=O)C
h2,1333-74-0,acetone,67-64-1,0.0059,50,0.9941,17.62,[HH],CC(=O)C
h2,1333-74-0,acetone,67-64-1,0.0138,50,0.9862,40.5,[HH],CC(=O)C
h2,1333-74-0,acetone,67-64-1,0.0144,50,0.9856,42.40000000000001,[HH],CC(=O)C
h2,1333-74-0,acetone,67-64-1,0.0226,50,0.9774,67.10000000000001,[HH],CC(=O)C
h2,1333-74-0,acetone,67-64-1,0.0229,50,0.9771,67.0,[HH],CC(=O)C
h2,1333-74-0,acetone,67-64-1,0.0337,50,0.9663,99.60000000000001,[HH],CC(=O)C
h2,1333-74-0,acetonitrile,75-05-8,0.0028,25,0.9972,15.94,[HH],CC#N
h2,1333-74-0,acetonitrile,75-05-8,0.0062,25,0.9938,35.9,[HH],CC#N
h2,1333-74-0,acetonitrile,75-05-8,0.0065,25,0.9935,36.6,[HH],CC#N
h2,1333-74-0,acetonitrile,75-05-8,0.0107,25,0.9893,60.8,[HH],CC#N
h2,1333-74-0,acetonitrile,75-05-8,0.0116,25,0.9884,67.7,[HH],CC#N
h2,1333-74-0,acetonitrile,75-05-8,0.0169,25,0.9831,97.2,[HH],CC#N
h2,1333-74-0,acetonitrile,75-05-8,0.0174,25,0.9826,102.5,[HH],CC#N
h2,1333-74-0,acetonitrile,75-05-8,0.0032,50,0.9968,15.54,[HH],CC#N
h2,1333-74-0,acetonitrile,75-05-8,0.0062,50,0.9938,29.2,[HH],CC#N
h2,1333-74-0,acetonitrile,75-05-8,0.0079,50,0.9921,38.3,[HH],CC#N
h2,1333-74-0,acetonitrile,75-05-8,0.0123,50,0.9877,57.8,[HH],CC#N
h2,1333-74-0,acetonitrile,75-05-8,0.0156,50,0.9844,76.1,[HH],CC#N
h2,1333-74-0,acetonitrile,75-05-8,0.0183,50,0.9817,86.8,[HH],CC#N
h2,1333-74-0,acetonitrile,75-05-8,0.0205,50,0.9795,100.5,[HH],CC#N
h2,1333-74-0,alpha-methylstyrene,98-83-9,0.0089,35,0.9911,30.2,[HH],CC(=C)C1=CC=CC=C1
h2,1333-74-0,alpha-methylstyrene,98-83-9,0.0209,35,0.9791,70.0,[HH],CC(=C)C1=CC=CC=C1
h2,1333-74-0,alpha-methylstyrene,98-83-9,0.0271,35,0.9729,90.30000000000001,[HH],CC(=C)C1=CC=CC=C1
h2,1333-74-0,alpha-methylstyrene,98-83-9,0.0371,35,0.9629,130.0,[HH],CC(=C)C1=CC=CC=C1
h2,1333-74-0,alpha-methylstyrene,98-83-9,0.0033,50,0.9967,10.0,[HH],CC(=C)C1=CC=CC=C1
h2,1333-74-0,alpha-methylstyrene,98-83-9,0.0068,50,0.9932,20.0,[HH],CC(=C)C1=CC=CC=C1
h2,1333-74-0,alpha-methylstyrene,98-83-9,0.0098,50,0.9902,30.0,[HH],CC(=C)C1=CC=CC=C1
h2,1333-74-0,alpha-methylstyrene,98-83-9,0.0157,50,0.9843,50.1,[HH],CC(=C)C1=CC=CC=C1
h2,1333-74-0,alpha-methylstyrene,98-83-9,0.022,50,0.978,70.10000000000001,[HH],CC(=C)C1=CC=CC=C1
h2,1333-74-0,alpha-methylstyrene,98-83-9,0.0289,50,0.9711,90.10000000000001,[HH],CC(=C)C1=CC=CC=C1
h2,1333-74-0,alpha-methylstyrene,98-83-9,0.0407,50,0.9593,130.0,[HH],CC(=C)C1=CC=CC=C1
h2,1333-74-0,benzene,71-43-2,0.0027,30,0.9973,9.89,[HH],C1=CC=CC=C1
h2,1333-74-0,benzene,71-43-2,0.004,30,0.996,11.43,[HH],C1=CC=CC=C1
h2,1333-74-0,benzene,71-43-2,0.0047,30,0.9953,16.84,[HH],C1=CC=CC=C1
h2,1333-74-0,benzene,71-43-2,0.0056,30,0.9944,20.22,[HH],C1=CC=CC=C1
h2,1333-74-0,benzene,71-43-2,0.006,30,0.994,22.07,[HH],C1=CC=CC=C1
h2,1333-74-0,benzene,71-43-2,0.0076,30,0.9924,27.44,[HH],C1=CC=CC=C1
h2,1333-74-0,benzene,71-43-2,0.0098,30,0.9902,35.44,[HH],C1=CC=CC=C1
h2,1333-74-0,benzene,71-43-2,0.0108,30,0.9892,39.04000000000001,[HH],C1=CC=CC=C1
h2,1333-74-0,benzene,71-43-2,0.0127,30,0.9873,46.01000000000001,[HH],C1=CC=CC=C1
h2,1333-74-0,chlorobenzene,108-90-7,0.004,23,0.996,14.1,[HH],C1=CC=C(C=C1)Cl
h2,1333-74-0,chlorobenzene,108-90-7,0.0052,23,0.9948,19.2,[HH],C1=CC=C(C=C1)Cl
h2,1333-74-0,chlorobenzene,108-90-7,0.007,23,0.993,25.2,[HH],C1=CC=C(C=C1)Cl
h2,1333-74-0,chlorobenzene,108-90-7,0.0074,23,0.9926,28.8,[HH],C1=CC=C(C=C1)Cl
h2,1333-74-0,chlorobenzene,108-90-7,0.0085,23,0.9915,32.2,[HH],C1=CC=C(C=C1)Cl
h2,1333-74-0,chlorobenzene,108-90-7,0.009,23,0.991,35.7,[HH],C1=CC=C(C=C1)Cl
h2,1333-74-0,chlorobenzene,108-90-7,0.0104,23,0.9896,39.2,[HH],C1=CC=C(C=C1)Cl
h2,1333-74-0,chlorobenzene,108-90-7,0.0111,23,0.9889,43.0,[HH],C1=CC=C(C=C1)Cl
h2,1333-74-0,chlorobenzene,108-90-7,0.0119,23,0.9881,47.8,[HH],C1=CC=C(C=C1)Cl
h2,1333-74-0,chlorobenzene,108-90-7,0.0138,23,0.9862,52.50000000000001,[HH],C1=CC=C(C=C1)Cl
h2,1333-74-0,chlorobenzene,108-90-7,0.0144,23,0.9856,56.3,[HH],C1=CC=C(C=C1)Cl
h2,1333-74-0,chlorobenzene,108-90-7,0.0044,55,0.9956,13.2,[HH],C1=CC=C(C=C1)Cl
h2,1333-74-0,chlorobenzene,108-90-7,0.0076,55,0.9924,23.3,[HH],C1=CC=C(C=C1)Cl
h2,1333-74-0,chlorobenzene,108-90-7,0.0092,55,0.9908,28.6,[HH],C1=CC=C(C=C1)Cl
h2,1333-74-0,chlorobenzene,108-90-7,0.0108,55,0.9892,34.1,[HH],C1=CC=C(C=C1)Cl
h2,1333-74-0,chlorobenzene,108-90-7,0.0123,55,0.9877,39.40000000000001,[HH],C1=CC=C(C=C1)Cl
h2,1333-74-0,chlorobenzene,108-90-7,0.0134,55,0.9866,44.3,[HH],C1=CC=C(C=C1)Cl
h2,1333-74-0,chlorobenzene,108-90-7,0.0158,55,0.9842,50.90000000000001,[HH],C1=CC=C(C=C1)Cl
h2,1333-74-0,chlorobenzene,108-90-7,0.0174,55,0.9826,56.7,[HH],C1=CC=C(C=C1)Cl
h2,1333-74-0,chlorobenzene,108-90-7,0.0193,55,0.9807,64.4,[HH],C1=CC=C(C=C1)Cl
h2,1333-74-0,cumene,98-82-8,0.004,50,0.996,10.2,[HH],CC(C)C1=CC=CC=C1
h2,1333-74-0,cumene,98-82-8,0.0132,50,0.9868,30.1,[HH],CC(C)C1=CC=CC=C1
h2,1333-74-0,cumene,98-82-8,0.0217,50,0.9783,49.7,[HH],CC(C)C1=CC=CC=C1
h2,1333-74-0,cumene,98-82-8,0.0367,50,0.9633,90.2,[HH],CC(C)C1=CC=CC=C1
h2,1333-74-0,cumene,98-82-8,0.0486,50,0.9514,117.0,[HH],CC(C)C1=CC=CC=C1
h2,1333-74-0,cyclohexane,110-82-7,0.0035,30,0.9965,8.870000000000001,[HH],C1CCCCC1
h2,1333-74-0,cyclohexane,110-82-7,0.0048,30,0.9952,12.02,[HH],C1CCCCC1
h2,1333-74-0,cyclohexane,110-82-7,0.006,30,0.994,14.68,[HH],C1CCCCC1
h2,1333-74-0,cyclohexane,110-82-7,0.0071,30,0.9929,17.16,[HH],C1CCCCC1
h2,1333-74-0,cyclohexane,110-82-7,0.0086,30,0.9914,20.9,[HH],C1CCCCC1
h2,1333-74-0,cyclohexane,110-82-7,0.0088,30,0.9912,21.43,[HH],C1CCCCC1
h2,1333-74-0,cyclohexane,110-82-7,0.0113,30,0.9887,26.87,[HH],C1CCCCC1
h2,1333-74-0,cyclohexane,110-82-7,0.0125,30,0.9875,30.05,[HH],C1CCCCC1
h2,1333-74-0,cyclohexane,110-82-7,0.0147,30,0.9853,35.47000000000001,[HH],C1CCCCC1
h2,1333-74-0,cyclohexane,110-82-7,0.0174,30,0.9826,42.07,[HH],C1CCCCC1
h2,1333-74-0,cyclohexane,110-82-7,0.0197,30,0.9803,47.43000000000001,[HH],C1CCCCC1
h2,1333-74-0,dimethyl-ether,115-10-6,0.002,15,0.998,7.700000000000001,[HH],COC
h2,1333-74-0,dimethyl-ether,115-10-6,0.003,15,0.997,9.3,[HH],COC
h2,1333-74-0,dimethyl-ether,115-10-6,0.004,15,0.996,11.2,[HH],COC
h2,1333-74-0,dimethyl-ether,115-10-6,0.006,15,0.994,11.7,[HH],COC
h2,1333-74-0,dimethyl-ether,115-10-6,0.008,15,0.992,16.9,[HH],COC
h2,1333-74-0,dimethyl-ether,115-10-6,0.011,15,0.989,20.9,[HH],COC
h2,1333-74-0,dimethyl-ether,115-10-6,0.015,15,0.985,25.6,[HH],COC
h2,1333-74-0,dimethyl-ether,115-10-6,0.02,15,0.98,30.9,[HH],COC
h2,1333-74-0,dimethyl-ether,115-10-6,0.025,15,0.975,36.90000000000001,[HH],COC
h2,1333-74-0,dimethyl-ether,115-10-6,0.032,15,0.968,43.50000000000001,[HH],COC
h2,1333-74-0,dimethyl-ether,115-10-6,0.038,15,0.962,50.40000000000001,[HH],COC
h2,1333-74-0,dimethyl-ether,115-10-6,0.043,15,0.957,57.40000000000001,[HH],COC
h2,1333-74-0,dimethyl-ether,115-10-6,0.047,15,0.953,64.4,[HH],COC
h2,1333-74-0,dimethyl-ether,115-10-6,0.058,15,0.942,71.4,[HH],COC
h2,1333-74-0,dimethyl-ether,115-10-6,0.001,33,0.999,8.5,[HH],COC
h2,1333-74-0,dimethyl-ether,115-10-6,0.002,33,0.998,9.600000000000001,[HH],COC
h2,1333-74-0,dimethyl-ether,115-10-6,0.003,33,0.997,11.8,[HH],COC
h2,1333-74-0,dimethyl-ether,115-10-6,0.005,33,0.995,14.0,[HH],COC
h2,1333-74-0,dimethyl-ether,115-10-6,0.007,33,0.993,16.5,[HH],COC
h2,1333-74-0,dimethyl-ether,115-10-6,0.01,33,0.99,19.6,[HH],COC
h2,1333-74-0,dimethyl-ether,115-10-6,0.013,33,0.987,23.2,[HH],COC
h2,1333-74-0,dimethyl-ether,115-10-6,0.018,33,0.982,27.3,[HH],COC
h2,1333-74-0,dimethyl-ether,115-10-6,0.024,33,0.976,32.2,[HH],COC
h2,1333-74-0,dimethyl-ether,115-10-6,0.03,33,0.97,38.7,[HH],COC
h2,1333-74-0,dimethyl-ether,115-10-6,0.039,33,0.961,45.50000000000001,[HH],COC
h2,1333-74-0,dimethyl-ether,115-10-6,0.046,33,0.954,52.1,[HH],COC
h2,1333-74-0,dimethyl-ether,115-10-6,0.052,33,0.948,58.7,[HH],COC
h2,1333-74-0,dimethyl-ether,115-10-6,0.06,33,0.94,65.60000000000001,[HH],COC
h2,1333-74-0,dimethyl-ether,115-10-6,0.063,33,0.937,72.10000000000001,[HH],COC
h2,1333-74-0,dimethyl-ether,115-10-6,0.072,33,0.928,79.9,[HH],COC
h2,1333-74-0,DMF,68-12-2,0.0047,25,0.9953,32.8,[HH],CN(C)C=O
h2,1333-74-0,DMF,68-12-2,0.0067,25,0.9933,45.6,[HH],CN(C)C=O
h2,1333-74-0,DMF,68-12-2,0.0094,25,0.9906,65.30000000000001,[HH],CN(C)C=O
h2,1333-74-0,DMF,68-12-2,0.0104,25,0.9896,72.30000000000001,[HH],CN(C)C=O
h2,1333-74-0,DMF,68-12-2,0.0136,25,0.9864,96.80000000000001,[HH],CN(C)C=O
h2,1333-74-0,DMF,68-12-2,0.0141,25,0.9859,97.7,[HH],CN(C)C=O
h2,1333-74-0,DMF,68-12-2,0.0049,50,0.9951,27.5,[HH],CN(C)C=O
h2,1333-74-0,DMF,68-12-2,0.006,50,0.994,33.2,[HH],CN(C)C=O
h2,1333-74-0,DMF,68-12-2,0.0076,50,0.9924,42.8,[HH],CN(C)C=O
h2,1333-74-0,DMF,68-12-2,0.0119,50,0.9881,66.30000000000001,[HH],CN(C)C=O
h2,1333-74-0,DMF,68-12-2,0.0121,50,0.9879,69.9,[HH],CN(C)C=O
h2,1333-74-0,DMF,68-12-2,0.0126,50,0.9874,72.9,[HH],CN(C)C=O
h2,1333-74-0,DMF,68-12-2,0.0142,50,0.9858,82.5,[HH],CN(C)C=O
h2,1333-74-0,DMF,68-12-2,0.0176,50,0.9824,100.6,[HH],CN(C)C=O
h2,1333-74-0,ethanol,64-17-5,0.0031,18,0.9969,13.9,[HH],CCO
h2,1333-74-0,ethanol,64-17-5,0.005,18,0.995,21.8,[HH],CCO
h2,1333-74-0,ethanol,64-17-5,0.0057,18,0.9943,25.6,[HH],CCO
h2,1333-74-0,ethanol,64-17-5,0.0067,18,0.9933,31.2,[HH],CCO
h2,1333-74-0,ethyl formate,109-94-4,0.0051,18,0.9949,16.0,[HH],CCOC=O
h2,1333-74-0,ethyl formate,109-94-4,0.0074,18,0.9926,26.1,[HH],CCOC=O
h2,1333-74-0,ethyl formate,109-94-4,0.0091,18,0.9909,31.1,[HH],CCOC=O
h2,1333-74-0,ethyl formate,109-94-4,0.0112,18,0.9888,41.0,[HH],CCOC=O
h2,1333-74-0,methyl formate,107-31-3,0.0026,18,0.9974,11.9,[HH],COC=O
h2,1333-74-0,methyl formate,107-31-3,0.0034,18,0.9966,26.3,[HH],COC=O
h2,1333-74-0,methyl formate,107-31-3,0.0035,18,0.9965,15.9,[HH],COC=O
h2,1333-74-0,methyl formate,107-31-3,0.0044,18,0.9956,21.0,[HH],COC=O
h2,1333-74-0,methyl formate,107-31-3,0.0046,18,0.9954,34.9,[HH],COC=O
h2,1333-74-0,methyl formate,107-31-3,0.005,18,0.995,27.1,[HH],COC=O
h2,1333-74-0,methyl formate,107-31-3,0.0053,18,0.9947,40.7,[HH],COC=O
h2,1333-74-0,methyl formate,107-31-3,0.0061,18,0.9939,45.8,[HH],COC=O
h2,1333-74-0,methyl formate,107-31-3,0.0071,18,0.9929,31.0,[HH],COC=O
h2,1333-74-0,n-butanol,71-36-3,0.0044,18,0.9956,15.2,[HH],CCCCO
h2,1333-74-0,n-butanol,71-36-3,0.006,18,0.994,21.5,[HH],CCCCO
h2,1333-74-0,n-butanol,71-36-3,0.0071,18,0.9929,26.0,[HH],CCCCO
h2,1333-74-0,n-butanol,71-36-3,0.0087,18,0.9913,31.0,[HH],CCCCO
h2,1333-74-0,n-butyl acetate,123-86-4,0.006,18,0.994,14.2,[HH],CCCCOC(=O)C
h2,1333-74-0,n-butyl acetate,123-86-4,0.0084,18,0.9916,20.7,[HH],CCCCOC(=O)C
h2,1333-74-0,n-butyl acetate,123-86-4,0.0109,18,0.9891,26.5,[HH],CCCCOC(=O)C
h2,1333-74-0,n-butyl acetate,123-86-4,0.014,18,0.986,31.0,[HH],CCCCOC(=O)C
h2,1333-74-0,n-hexane,110-54-3,0.0108,25,0.9892,15.3,[HH],CCCCCC
h2,1333-74-0,n-hexane,110-54-3,0.0114,25,0.9886,16.2,[HH],CCCCCC
h2,1333-74-0,n-hexane,110-54-3,0.0134,25,0.9866,19.2,[HH],CCCCCC
h2,1333-74-0,n-hexane,110-54-3,0.0183,25,0.9817,26.1,[HH],CCCCCC
h2,1333-74-0,n-hexane,110-54-3,0.0264,25,0.9736,37.90000000000001,[HH],CCCCCC
h2,1333-74-0,n-hexane,110-54-3,0.0291,25,0.9709,42.90000000000001,[HH],CCCCCC
h2,1333-74-0,n-hexane,110-54-3,0.0411,25,0.9589,60.00000000000001,[HH],CCCCCC
h2,1333-74-0,n-hexane,110-54-3,0.0547,25,0.9453,80.7,[HH],CCCCCC
h2,1333-74-0,n-hexane,110-54-3,0.0562,25,0.9438,83.10000000000001,[HH],CCCCCC
h2,1333-74-0,n-hexane,110-54-3,0.0612,25,0.9388,91.9,[HH],CCCCCC
h2,1333-74-0,n-propionaldehyde,123-38-6,0.017,20,0.983,25.0,[HH],CCC=O
h2,1333-74-0,n-propionaldehyde,123-38-6,0.039,20,0.961,50.0,[HH],CCC=O
h2,1333-74-0,n-propionaldehyde,123-38-6,0.057,20,0.943,75.0,[HH],CCC=O
h2,1333-74-0,n-propionaldehyde,123-38-6,0.075,20,0.925,100.0,[HH],CCC=O
h2,1333-74-0,n-propionaldehyde,123-38-6,0.089,20,0.911,125.0,[HH],CCC=O
h2,1333-74-0,n-propionaldehyde,123-38-6,0.102,20,0.898,150.0,[HH],CCC=O
h2,1333-74-0,n-propionaldehyde,123-38-6,0.115,20,0.885,175.0,[HH],CCC=O
h2,1333-74-0,n-propionaldehyde,123-38-6,0.125,20,0.875,200.0,[HH],CCC=O
h2,1333-74-0,n-propionaldehyde,123-38-6,0.01,39,0.99,25.0,[HH],CCC=O
h2,1333-74-0,n-propionaldehyde,123-38-6,0.02,39,0.98,50.0,[HH],CCC=O
h2,1333-74-0,n-propionaldehyde,123-38-6,0.03,39,0.97,75.0,[HH],CCC=O
h2,1333-74-0,n-propionaldehyde,123-38-6,0.04,39,0.96,100.0,[HH],CCC=O
h2,1333-74-0,n-propionaldehyde,123-38-6,0.05,39,0.95,125.0,[HH],CCC=O
h2,1333-74-0,n-propionaldehyde,123-38-6,0.059,39,0.9410000000000001,150.0,[HH],CCC=O
h2,1333-74-0,n-propionaldehyde,123-38-6,0.069,39,0.931,175.0,[HH],CCC=O
h2,1333-74-0,n-propionaldehyde,123-38-6,0.079,39,0.921,200.0,[HH],CCC=O
h2,1333-74-0,propanol,71-23-8,0.0031,18,0.9969,12.7,[HH],CCCO
h2,1333-74-0,propanol,71-23-8,0.0044,18,0.9956,17.8,[HH],CCCO
h2,1333-74-0,propanol,71-23-8,0.0054,18,0.9946,22.5,[HH],CCCO
h2,1333-74-0,propanol,71-23-8,0.0074,18,0.9926,30.4,[HH],CCCO
h2,1333-74-0,THF,109-99-9,0.01,25,0.99,37.1,[HH],C1CCOC1
h2,1333-74-0,THF,109-99-9,0.0165,25,0.9835,61.10000000000001,[HH],C1CCOC1
h2,1333-74-0,THF,109-99-9,0.0261,25,0.9739,96.60000000000001,[HH],C1CCOC1
h2,1333-74-0,THF,109-99-9,0.0095,50,0.9905,29.5,[HH],C1CCOC1
h2,1333-74-0,THF,109-99-9,0.0279,50,0.9721,86.10000000000001,[HH],C1CCOC1
h2,1333-74-0,toluene,108-88-3,0.0027,25,0.9973,8.74,[HH],CC1=CC=CC=C1
h2,1333-74-0,toluene,108-88-3,0.0044,25,0.9956,14.0,[HH],CC1=CC=CC=C1
h2,1333-74-0,toluene,108-88-3,0.0057,25,0.9943,18.3,[HH],CC1=CC=CC=C1
h2,1333-74-0,toluene,108-88-3,0.0132,25,0.9868,42.7,[HH],CC1=CC=CC=C1
h2,1333-74-0,toluene,108-88-3,0.0155,25,0.9845,50.2,[HH],CC1=CC=CC=C1
h2,1333-74-0,toluene,108-88-3,0.0169,25,0.9831,55.3,[HH],CC1=CC=CC=C1
h2,1333-74-0,toluene,108-88-3,0.0214,25,0.9786,70.10000000000001,[HH],CC1=CC=CC=C1
h2,1333-74-0,toluene,108-88-3,0.0232,25,0.9768,76.0,[HH],CC1=CC=CC=C1
h2,1333-74-0,toluene,108-88-3,0.0299,25,0.9701,96.30000000000001,[HH],CC1=CC=CC=C1
h2,1333-74-0,toluene,108-88-3,0.0303,25,0.9697,101.2,[HH],CC1=CC=CC=C1
h2,1333-74-0,toluene,108-88-3,0.004,30,0.996,12.22,[HH],CC1=CC=CC=C1
h2,1333-74-0,toluene,108-88-3,0.0055,30,0.9945,16.85,[HH],CC1=CC=CC=C1
h2,1333-74-0,toluene,108-88-3,0.0073,30,0.9927,21.96,[HH],CC1=CC=CC=C1
h2,1333-74-0,toluene,108-88-3,0.0096,30,0.9904,28.93,[HH],CC1=CC=CC=C1
h2,1333-74-0,toluene,108-88-3,0.01,30,0.99,30.18,[HH],CC1=CC=CC=C1
h2,1333-74-0,toluene,108-88-3,0.0108,30,0.9892,32.71,[HH],CC1=CC=CC=C1
h2,1333-74-0,toluene,108-88-3,0.0121,30,0.9879,36.38,[HH],CC1=CC=CC=C1
h2,1333-74-0,toluene,108-88-3,0.0132,30,0.9868,39.91,[HH],CC1=CC=CC=C1
h2,1333-74-0,toluene,108-88-3,0.0146,30,0.9854,44.13,[HH],CC1=CC=CC=C1
methane,74-82-8,2-2-(2-methoxyethoxy)ethoxyethanol,112-35-6,0.0002,40,0.9998,1.74,C,COCCOCCOCCO
methane,74-82-8,2-2-(2-methoxyethoxy)ethoxyethanol,112-35-6,0.0006,40,0.9994,4.44,C,COCCOCCOCCO
methane,74-82-8,2-2-(2-methoxyethoxy)ethoxyethanol,112-35-6,0.001,40,0.999,9.14,C,COCCOCCOCCO
methane,74-82-8,2-2-(2-methoxyethoxy)ethoxyethanol,112-35-6,0.0028,40,0.9972,22.04,C,COCCOCCOCCO
methane,74-82-8,2-2-(2-methoxyethoxy)ethoxyethanol,112-35-6,0.004,40,0.996,32.14,C,COCCOCCOCCO
methane,74-82-8,2-2-(2-methoxyethoxy)ethoxyethanol,112-35-6,0.0045,40,0.9955,43.54,C,COCCOCCOCCO
methane,74-82-8,2-2-(2-methoxyethoxy)ethoxyethanol,112-35-6,0.0059,40,0.9941,55.14,C,COCCOCCOCCO
methane,74-82-8,2-2-(2-methoxyethoxy)ethoxyethanol,112-35-6,0.0062,40,0.9938,61.83,C,COCCOCCOCCO
methane,74-82-8,2-2-(2-methoxyethoxy)ethoxyethanol,112-35-6,0.007,40,0.993,69.94,C,COCCOCCOCCO
methane,74-82-8,2-2-(2-methoxyethoxy)ethoxyethanol,112-35-6,0.0092,40,0.9908,83.64,C,COCCOCCOCCO
methane,74-82-8,4-formylmorpholine,4394-85-8,0.0006,25,0.9994,0.93,C,C1COCCN1C=O
methane,74-82-8,4-formylmorpholine,4394-85-8,0.0026,25,0.9974,4.52,C,C1COCCN1C=O
methane,74-82-8,4-formylmorpholine,4394-85-8,0.0071,25,0.9929,12.3,C,C1COCCN1C=O
methane,74-82-8,4-formylmorpholine,4394-85-8,0.0131,25,0.9869,24.1,C,C1COCCN1C=O
methane,74-82-8,4-formylmorpholine,4394-85-8,0.0247,25,0.9753000000000001,48.4,C,C1COCCN1C=O
methane,74-82-8,4-formylmorpholine,4394-85-8,0.0352,25,0.9648,73.6,C,C1COCCN1C=O
methane,74-82-8,4-formylmorpholine,4394-85-8,0.0438,25,0.9562,100.3,C,C1COCCN1C=O
methane,74-82-8,4-formylmorpholine,4394-85-8,0.0553,25,0.9447,134.5,C,C1COCCN1C=O
methane,74-82-8,4-formylmorpholine,4394-85-8,0.0018,40,0.9982,2.95,C,C1COCCN1C=O
methane,74-82-8,4-formylmorpholine,4394-85-8,0.0055,40,0.9945,9.88,C,C1COCCN1C=O
methane,74-82-8,4-formylmorpholine,4394-85-8,0.0112,40,0.9888,20.2,C,C1COCCN1C=O
methane,74-82-8,4-formylmorpholine,4394-85-8,0.02,40,0.98,38.0,C,C1COCCN1C=O
methane,74-82-8,4-formylmorpholine,4394-85-8,0.0349,40,0.9651,72.0,C,C1COCCN1C=O
methane,74-82-8,4-formylmorpholine,4394-85-8,0.0505,40,0.9495,116.5,C,C1COCCN1C=O
methane,74-82-8,4-formylmorpholine,4394-85-8,0.0569,40,0.9431,136.2,C,C1COCCN1C=O
methane,74-82-8,acetone,67-64-1,0.0367,25,0.9633,17.1,C,CC(=O)C
methane,74-82-8,acetone,67-64-1,0.0434,25,0.9566,22.8,C,CC(=O)C
methane,74-82-8,acetone,67-64-1,0.067,25,0.933,35.5,C,CC(=O)C
methane,74-82-8,acetone,67-64-1,0.0911,25,0.9089,45.1,C,CC(=O)C
methane,74-82-8,acetone,67-64-1,0.1116,25,0.8884,54.9,C,CC(=O)C
methane,74-82-8,acetone,67-64-1,0.1443,25,0.8557,70.8,C,CC(=O)C
methane,74-82-8,acetone,67-64-1,0.0153,50,0.9847,10.6,C,CC(=O)C
methane,74-82-8,acetone,67-64-1,0.0223,50,0.9777,15.0,C,CC(=O)C
methane,74-82-8,acetone,67-64-1,0.0341,50,0.9659,20.7,C,CC(=O)C
methane,74-82-8,acetone,67-64-1,0.0509,50,0.9491,30.7,C,CC(=O)C
methane,74-82-8,acetone,67-64-1,0.0725,50,0.9275,42.8,C,CC(=O)C
methane,74-82-8,acetone,67-64-1,0.0822,50,0.9178,50.0,C,CC(=O)C
methane,74-82-8,acetone,67-64-1,0.0994,50,0.9006,59.8,C,CC(=O)C
methane,74-82-8,acetone,67-64-1,0.12,50,0.88,70.5,C,CC(=O)C
methane,74-82-8,acetone,67-64-1,0.136,50,0.864,82.5,C,CC(=O)C
methane,74-82-8,benzene,71-43-2,0.106,20,0.894,49.03,C,C1=CC=CC=C1
methane,74-82-8,phenol,108-95-2,0.075,20,0.925,21.2,C,C1=CC=C(C=C1)O
methane,74-82-8,phenol,108-95-2,0.131,20,0.869,40.9,C,C1=CC=C(C=C1)O
methane,74-82-8,phenol,108-95-2,0.059,40,0.9410000000000001,20.2,C,C1=CC=C(C=C1)O
methane,74-82-8,phenol,108-95-2,0.12,40,0.88,40.9,C,C1=CC=C(C=C1)O
methane,74-82-8,dimethyl-ether,115-10-6,0.044,40,0.956,20.2,C,COC
methane,74-82-8,dimethyl-ether,115-10-6,0.083,40,0.917,30.3,C,COC
methane,74-82-8,dimethyl-ether,115-10-6,0.121,40,0.879,40.3,C,COC
methane,74-82-8,ethanol,64-17-5,0.0116,25,0.9884,6.41,C,CCO
methane,74-82-8,ethanol,64-17-5,0.0234,25,0.9766,25.37,C,CCO
methane,74-82-8,ethanol,64-17-5,0.053,25,0.947,43.16,C,CCO
methane,74-82-8,ethanol,64-17-5,0.0927,25,0.9073,80.94,C,CCO
methane,74-82-8,ethanol,64-17-5,0.1268,25,0.8732,113.56,C,CCO
methane,74-82-8,ethanol,64-17-5,0.027,40,0.973,23.9,C,CCO
methane,74-82-8,ethanol,64-17-5,0.046,40,0.954,40.2,C,CCO
methane,74-82-8,ethanol,64-17-5,0.061,40,0.9390000000000001,54.8,C,CCO
methane,74-82-8,ethanol,64-17-5,0.072,40,0.928,65.1,C,CCO
methane,74-82-8,ethanol,64-17-5,0.092,40,0.908,84.3,C,CCO
methane,74-82-8,ethanol,64-17-5,0.109,40,0.891,103.1,C,CCO
methane,74-82-8,ethanol,64-17-5,0.124,40,0.876,118.9,C,CCO
methane,74-82-8,n-butanol,71-36-3,0.021,30,0.979,10.6,C,CCCCO
methane,74-82-8,n-butanol,71-36-3,0.039,30,0.961,21.0,C,CCCCO
methane,74-82-8,n-butanol,71-36-3,0.056,30,0.944,31.2,C,CCCCO
methane,74-82-8,n-butanol,71-36-3,0.071,30,0.929,40.8,C,CCCCO
methane,74-82-8,n-butanol,71-36-3,0.087,30,0.913,50.9,C,CCCCO
methane,74-82-8,n-butanol,71-36-3,0.102,30,0.898,60.7,C,CCCCO
methane,74-82-8,n-butanol,71-36-3,0.02,50,0.98,10.5,C,CCCCO
methane,74-82-8,n-butanol,71-36-3,0.035,50,0.965,20.7,C,CCCCO
methane,74-82-8,n-butanol,71-36-3,0.048,50,0.952,29.8,C,CCCCO
methane,74-82-8,n-butanol,71-36-3,0.065,50,0.935,40.3,C,CCCCO
methane,74-82-8,n-butanol,71-36-3,0.079,50,0.921,50.2,C,CCCCO
methane,74-82-8,n-butanol,71-36-3,0.095,50,0.905,60.7,C,CCCCO
methane,74-82-8,n-heptane,142-82-5,0.05,27,0.95,10.8,C,CCCCCCC
methane,74-82-8,n-heptane,142-82-5,0.125,27,0.875,25.2,C,CCCCCCC
methane,74-82-8,n-heptane,142-82-5,0.064,38,0.9359999999999999,13.7895,C,CCCCCCC
methane,74-82-8,n-heptane,142-82-5,0.124,38,0.876,27.579,C,CCCCCCC
methane,74-82-8,n-hexane,110-54-3,0.0982,25,0.9018,20.5,C,CCCCCC
methane,74-82-8,n-hexane,110-54-3,0.0985,38,0.9015,21.5,C,CCCCCC
methane,74-82-8,propanol,71-23-8,0.036,40,0.964,21.65,C,CCCO
methane,74-82-8,propanol,71-23-8,0.059,40,0.9410000000000001,37.4,C,CCCO
methane,74-82-8,propanol,71-23-8,0.094,40,0.906,57.61,C,CCCO
methane,74-82-8,propanol,71-23-8,0.116,40,0.884,80.82,C,CCCO
methane,74-82-8,propanol,71-23-8,0.141,40,0.859,100.79,C,CCCO
methane,74-82-8,THF,109-99-9,0.0019,25,0.9981,1.01325,C,C1CCOC1
methane,74-82-8,THF,109-99-9,0.0413,25,0.9587,20.0,C,C1CCOC1
methane,74-82-8,THF,109-99-9,0.102,25,0.898,50.0,C,C1CCOC1
methane,74-82-8,toluene,108-88-3,0.073,20,0.927,32.64,C,CC1=CC=CC=C1
methane,74-82-8,toluene,108-88-3,0.087,20,0.913,39.33,C,CC1=CC=CC=C1
methane,74-82-8,toluene,108-88-3,0.106,20,0.894,47.73,C,CC1=CC=CC=C1
methane,74-82-8,toluene,108-88-3,0.026,40,0.974,11.7,C,CC1=CC=CC=C1
methane,74-82-8,toluene,108-88-3,0.055,40,0.945,23.8,C,CC1=CC=CC=C1
methane,74-82-8,toluene,108-88-3,0.071,40,0.929,31.4,C,CC1=CC=CC=C1
methane,74-82-8,toluene,108-88-3,0.099,40,0.901,44.4,C,CC1=CC=CC=C1
methane,74-82-8,toluene,108-88-3,0.12,40,0.88,55.3,C,CC1=CC=CC=C1
methane,74-82-8,toluene,108-88-3,0.136,40,0.864,63.0,C,CC1=CC=CC=C1
methane,74-82-8,toluene,108-88-3,0.15,40,0.85,70.8,C,CC1=CC=CC=C1
n2,7727-37-9,1-propanol,71-23-8,0.0004,25,0.9996,1.171,N#N,CCCO
n2,7727-37-9,1-propanol,71-23-8,0.0008,25,0.9992,1.953,N#N,CCCO
n2,7727-37-9,1-propanol,71-23-8,0.001,25,0.999,2.671,N#N,CCCO
n2,7727-37-9,1-propanol,71-23-8,0.0013,25,0.9987,3.445,N#N,CCCO
n2,7727-37-9,1-propanol,71-23-8,0.002,25,0.998,5.136,N#N,CCCO
n2,7727-37-9,1-propanol,71-23-8,0.0037,25,0.9963,9.415,N#N,CCCO
n2,7727-37-9,1-propanol,71-23-8,0.0054,25,0.9946,13.761,N#N,CCCO
n2,7727-37-9,1-propanol,71-23-8,0.0057,25,0.9943,14.446,N#N,CCCO
n2,7727-37-9,1-propanol,71-23-8,0.0102,25,0.9898,25.481,N#N,CCCO
n2,7727-37-9,1-propanol,71-23-8,0.0157,25,0.9843,39.068,N#N,CCCO
n2,7727-37-9,1-propanol,71-23-8,0.0209,25,0.9791,51.648,N#N,CCCO
n2,7727-37-9,1-propanol,71-23-8,0.0269,25,0.9731,66.036,N#N,CCCO
n2,7727-37-9,1-propanol,71-23-8,0.0324,25,0.9676,78.973,N#N,CCCO
n2,7727-37-9,1-propanol,71-23-8,0.0385,25,0.9615,92.95,N#N,CCCO
n2,7727-37-9,acetone,67-64-1,0.011,30,0.989,20.9,N#N,CC(=O)C
n2,7727-37-9,acetone,67-64-1,0.024,30,0.976,46.4,N#N,CC(=O)C
n2,7727-37-9,acetone,67-64-1,0.035,30,0.965,69.5,N#N,CC(=O)C
n2,7727-37-9,acetone,67-64-1,0.044,30,0.956,87.0,N#N,CC(=O)C
n2,7727-37-9,acetone,67-64-1,0.054,30,0.946,110.7,N#N,CC(=O)C
n2,7727-37-9,acetone,67-64-1,0.058,30,0.942,119.9,N#N,CC(=O)C
n2,7727-37-9,acetone,67-64-1,0.011,50,0.989,20.0,N#N,CC(=O)C
n2,7727-37-9,acetone,67-64-1,0.013,50,0.987,23.5,N#N,CC(=O)C
n2,7727-37-9,acetone,67-64-1,0.025,50,0.975,43.8,N#N,CC(=O)C
n2,7727-37-9,acetone,67-64-1,0.037,50,0.963,66.5,N#N,CC(=O)C
n2,7727-37-9,acetone,67-64-1,0.045,50,0.955,81.5,N#N,CC(=O)C
n2,7727-37-9,acetone,67-64-1,0.053,50,0.947,97.3,N#N,CC(=O)C
n2,7727-37-9,acetone,67-64-1,0.056,50,0.944,102.2,N#N,CC(=O)C
n2,7727-37-9,acetone,67-64-1,0.06,50,0.94,111.4,N#N,CC(=O)C
n2,7727-37-9,acetonitrile,75-05-8,0.0005,31,0.9995,1.6171,N#N,CC#N
n2,7727-37-9,acetonitrile,75-05-8,0.0014,31,0.9986,4.4944,N#N,CC#N
n2,7727-37-9,acetonitrile,75-05-8,0.0029,31,0.9971,9.1389,N#N,CC#N
n2,7727-37-9,acetonitrile,75-05-8,0.0048,31,0.9952,14.996,N#N,CC#N
n2,7727-37-9,acetonitrile,75-05-8,0.0071,31,0.9929,22.112,N#N,CC#N
n2,7727-37-9,acetonitrile,75-05-8,0.0099,31,0.9901,31.151,N#N,CC#N
n2,7727-37-9,benzene,71-43-2,0.0086,20,0.9914,20.74,N#N,C1=CC=CC=C1
n2,7727-37-9,benzene,71-43-2,0.0106,20,0.9894,25.31,N#N,C1=CC=CC=C1
n2,7727-37-9,benzene,71-43-2,0.0119,20,0.9881,28.32,N#N,C1=CC=CC=C1
n2,7727-37-9,benzene,71-43-2,0.0131,20,0.9869,31.46,N#N,C1=CC=CC=C1
n2,7727-37-9,benzene,71-43-2,0.0144,20,0.9856,34.67,N#N,C1=CC=CC=C1
n2,7727-37-9,benzene,71-43-2,0.0086,30,0.9914,19.7,N#N,C1=CC=CC=C1
n2,7727-37-9,benzene,71-43-2,0.0106,30,0.9894,24.09,N#N,C1=CC=CC=C1
n2,7727-37-9,benzene,71-43-2,0.0119,30,0.9881,26.86,N#N,C1=CC=CC=C1
n2,7727-37-9,benzene,71-43-2,0.0131,30,0.9869,29.72,N#N,C1=CC=CC=C1
n2,7727-37-9,benzene,71-43-2,0.0144,30,0.9856,32.89,N#N,C1=CC=CC=C1
n2,7727-37-9,benzene,71-43-2,0.0086,40,0.9914,18.85,N#N,C1=CC=CC=C1
n2,7727-37-9,benzene,71-43-2,0.0106,40,0.9894,22.67,N#N,C1=CC=CC=C1
n2,7727-37-9,benzene,71-43-2,0.0119,40,0.9881,25.38,N#N,C1=CC=CC=C1
n2,7727-37-9,benzene,71-43-2,0.0131,40,0.9869,28.08,N#N,C1=CC=CC=C1
n2,7727-37-9,benzene,71-43-2,0.0144,40,0.9856,30.92,N#N,C1=CC=CC=C1
n2,7727-37-9,dimethyl ether,115-10-6,0.049,15,0.951,69.3,N#N,COC
n2,7727-37-9,dimethyl ether,115-10-6,0.054,15,0.946,74.4,N#N,COC
n2,7727-37-9,dimethyl ether,115-10-6,0.059,15,0.9410000000000001,79.6,N#N,COC
n2,7727-37-9,dimethyl ether,115-10-6,0.06,15,0.94,84.8,N#N,COC
n2,7727-37-9,dimethyl ether,115-10-6,0.0096,25,0.9904,15.1,N#N,COC
n2,7727-37-9,dimethyl ether,115-10-6,0.0196,25,0.9804,23.4,N#N,COC
n2,7727-37-9,dimethyl ether,115-10-6,0.0294,25,0.9706,31.9,N#N,COC
n2,7727-37-9,dimethyl ether,115-10-6,0.0415,25,0.9585,41.7,N#N,COC
n2,7727-37-9,dimethyl ether,115-10-6,0.055,25,0.945,52.6,N#N,COC
n2,7727-37-9,dimethyl ether,115-10-6,0.0667,25,0.9333,61.9,N#N,COC
n2,7727-37-9,dimethyl ether,115-10-6,0.0808,25,0.9192,72.3,N#N,COC
n2,7727-37-9,dimethyl ether,115-10-6,0.0935,25,0.9065,82.9,N#N,COC
n2,7727-37-9,dimethyl ether,115-10-6,0.1038,25,0.8962,91.4,N#N,COC
n2,7727-37-9,dimethyl ether,115-10-6,0.1178,25,0.8822,102.4,N#N,COC
n2,7727-37-9,dimethyl ether,115-10-6,0.0092,35,0.9908,16.5,N#N,COC
n2,7727-37-9,dimethyl ether,115-10-6,0.0174,35,0.9826,23.2,N#N,COC
n2,7727-37-9,dimethyl ether,115-10-6,0.0255,35,0.9745,30.7,N#N,COC
n2,7727-37-9,dimethyl ether,115-10-6,0.0385,35,0.9615,41.1,N#N,COC
n2,7727-37-9,dimethyl ether,115-10-6,0.0529,35,0.9471,52.6,N#N,COC
n2,7727-37-9,dimethyl ether,115-10-6,0.0706,35,0.9294,65.8,N#N,COC
n2,7727-37-9,dimethyl ether,115-10-6,0.0824,35,0.9176,73.1,N#N,COC
n2,7727-37-9,dimethyl ether,115-10-6,0.0947,35,0.9053,82.9,N#N,COC
n2,7727-37-9,dimethyl ether,115-10-6,0.1112,35,0.8888,95.3,N#N,COC
n2,7727-37-9,dimethyl ether,115-10-6,0.1243,35,0.8757,103.5,N#N,COC
n2,7727-37-9,dimethyl ether,115-10-6,0.0052,45,0.9948,15.0,N#N,COC
n2,7727-37-9,dimethyl ether,115-10-6,0.0121,45,0.9879,20.9,N#N,COC
n2,7727-37-9,dimethyl ether,115-10-6,0.022,45,0.978,28.3,N#N,COC
n2,7727-37-9,dimethyl ether,115-10-6,0.0308,45,0.9692,34.9,N#N,COC
n2,7727-37-9,dimethyl ether,115-10-6,0.0384,45,0.9616,40.4,N#N,COC
n2,7727-37-9,dimethyl ether,115-10-6,0.0488,45,0.9512,49.0,N#N,COC
n2,7727-37-9,dimethyl ether,115-10-6,0.063,45,0.937,58.9,N#N,COC
n2,7727-37-9,dimethyl ether,115-10-6,0.0812,45,0.9188000000000001,72.8,N#N,COC
n2,7727-37-9,dimethyl ether,115-10-6,0.0969,45,0.9031,83.0,N#N,COC
n2,7727-37-9,dimethyl ether,115-10-6,0.1116,45,0.8884,92.8,N#N,COC
n2,7727-37-9,dimethyl ether,115-10-6,0.1265,45,0.8734999999999999,102.1,N#N,COC
n2,7727-37-9,ethanol,64-17-5,0.0003,25,0.9997,0.849,N#N,CCO
n2,7727-37-9,ethanol,64-17-5,0.0005,25,0.9995,1.623,N#N,CCO
n2,7727-37-9,ethanol,64-17-5,0.0008,25,0.9992,2.295,N#N,CCO
n2,7727-37-9,ethanol,64-17-5,0.001,25,0.999,3.028,N#N,CCO
n2,7727-37-9,ethanol,64-17-5,0.0014,25,0.9986,4.387,N#N,CCO
n2,7727-37-9,ethanol,64-17-5,0.0025,25,0.9975,7.589,N#N,CCO
n2,7727-37-9,ethanol,64-17-5,0.0039,25,0.9961,11.592,N#N,CCO
n2,7727-37-9,ethanol,64-17-5,0.0069,25,0.9931,20.333,N#N,CCO
n2,7727-37-9,ethanol,64-17-5,0.0123,25,0.9877,35.671,N#N,CCO
n2,7727-37-9,ethanol,64-17-5,0.0188,25,0.9812,54.153,N#N,CCO
n2,7727-37-9,ethanol,64-17-5,0.0259,25,0.9741,73.565,N#N,CCO
n2,7727-37-9,ethanol,64-17-5,0.0335,25,0.9665,93.637,N#N,CCO
n2,7727-37-9,ethyl acetate,141-78-6,0.0007,30,0.9993,1.3053,N#N,CCOC(=O)C
n2,7727-37-9,ethyl acetate,141-78-6,0.0021,30,0.9979,3.6202,N#N,CCOC(=O)C
n2,7727-37-9,ethyl acetate,141-78-6,0.0043,30,0.9957,7.4645,N#N,CCOC(=O)C
n2,7727-37-9,ethyl acetate,141-78-6,0.0073,30,0.9927,12.529,N#N,CCOC(=O)C
n2,7727-37-9,ethyl acetate,141-78-6,0.0109,30,0.9891,18.8,N#N,CCOC(=O)C
n2,7727-37-9,ethyl acetate,141-78-6,0.0153,30,0.9847,26.427,N#N,CCOC(=O)C
n2,7727-37-9,ethyl formate,109-94-4,0.0007,31,0.9993,1.5857,N#N,CCOC=O
n2,7727-37-9,ethyl formate,109-94-4,0.0021,31,0.9979,4.0457,N#N,CCOC=O
n2,7727-37-9,ethyl formate,109-94-4,0.0046,31,0.9954,8.253,N#N,CCOC=O
n2,7727-37-9,ethyl formate,109-94-4,0.0076,31,0.9924,13.474,N#N,CCOC=O
n2,7727-37-9,ethyl formate,109-94-4,0.0113,31,0.9887,20.023,N#N,CCOC=O
n2,7727-37-9,ethyl formate,109-94-4,0.0164,31,0.9836,29.204,N#N,CCOC=O
n2,7727-37-9,methyl formate,107-31-3,0.0004,30,0.9996,1.9245,N#N,COC=O
n2,7727-37-9,methyl formate,107-31-3,0.0015,30,0.9985,4.3089,N#N,COC=O
n2,7727-37-9,methyl formate,107-31-3,0.0034,30,0.9966,8.4072,N#N,COC=O
n2,7727-37-9,methyl formate,107-31-3,0.0058,30,0.9942,13.707,N#N,COC=O
n2,7727-37-9,methyl formate,107-31-3,0.0089,30,0.9911,20.444,N#N,COC=O
n2,7727-37-9,methyl formate,107-31-3,0.0127,30,0.9873,29.141,N#N,COC=O
n2,7727-37-9,m-xylene,108-38-3,0.061,40,0.9390000000000001,102.0,N#N,CC1=CC(=CC=C1)C
n2,7727-37-9,m-xylene,108-38-3,0.107,40,0.893,201.0,N#N,CC1=CC(=CC=C1)C
n2,7727-37-9,m-xylene,108-38-3,0.137,40,0.863,300.0,N#N,CC1=CC(=CC=C1)C
n2,7727-37-9,n-butyl acetate,123-86-4,0.0012,30,0.9988,1.4168,N#N,CCCCOC(=O)C
n2,7727-37-9,n-butyl acetate,123-86-4,0.0035,30,0.9965,4.1629,N#N,CCCCOC(=O)C
n2,7727-37-9,n-butyl acetate,123-86-4,0.0072,30,0.9928,8.622,N#N,CCCCOC(=O)C
n2,7727-37-9,n-butyl acetate,123-86-4,0.0112,30,0.9888,13.517,N#N,CCCCOC(=O)C
n2,7727-37-9,n-butyl acetate,123-86-4,0.017,30,0.983,20.687,N#N,CCCCOC(=O)C
n2,7727-37-9,n-butyl acetate,123-86-4,0.0237,30,0.9763,29.184,N#N,CCCCOC(=O)C
n2,7727-37-9,n-heptane,142-82-5,0.0255,40,0.9745,19.9,N#N,CCCCCCC
n2,7727-37-9,n-heptane,142-82-5,0.0482,40,0.9518,39.1,N#N,CCCCCCC
n2,7727-37-9,n-heptane,142-82-5,0.0817,40,0.9183,68.5,N#N,CCCCCCC
n2,7727-37-9,n-heptane,142-82-5,0.1205,40,0.8795,104.5,N#N,CCCCCCC
n2,7727-37-9,n-hexane,110-54-3,0.0003,30,0.9997,0.47367,N#N,CCCCCC
n2,7727-37-9,n-hexane,110-54-3,0.0017,30,0.9983,1.465,N#N,CCCCCC
n2,7727-37-9,n-hexane,110-54-3,0.0043,30,0.9957,3.3872,N#N,CCCCCC
n2,7727-37-9,n-hexane,110-54-3,0.0087,30,0.9913,6.5885,N#N,CCCCCC
n2,7727-37-9,n-hexane,110-54-3,0.0151,30,0.9849,11.323,N#N,CCCCCC
n2,7727-37-9,n-hexane,110-54-3,0.0223,30,0.9777,16.735,N#N,CCCCCC
n2,7727-37-9,n-hexane,110-54-3,0.0325,30,0.9675,24.454,N#N,CCCCCC
n2,7727-37-9,n-hexane,110-54-3,0.0452,30,0.9548,34.286,N#N,CCCCCC
n2,7727-37-9,n-propionaldehyde,123-38-6,0.013,20,0.987,25.0,N#N,CCC=O
n2,7727-37-9,n-propionaldehyde,123-38-6,0.025,20,0.975,50.0,N#N,CCC=O
n2,7727-37-9,n-propionaldehyde,123-38-6,0.038,20,0.962,75.0,N#N,CCC=O
n2,7727-37-9,n-propionaldehyde,123-38-6,0.051,20,0.949,100.0,N#N,CCC=O
n2,7727-37-9,n-propionaldehyde,123-38-6,0.064,20,0.9359999999999999,125.0,N#N,CCC=O
n2,7727-37-9,n-propionaldehyde,123-38-6,0.072,20,0.928,150.0,N#N,CCC=O
n2,7727-37-9,n-propionaldehyde,123-38-6,0.089,20,0.911,175.0,N#N,CCC=O
n2,7727-37-9,n-propionaldehyde,123-38-6,0.101,20,0.899,200.0,N#N,CCC=O
n2,7727-37-9,n-propionaldehyde,123-38-6,0.0007,30,0.9993,1.7161,N#N,CCC=O
n2,7727-37-9,n-propionaldehyde,123-38-6,0.002,30,0.998,4.1685,N#N,CCC=O
n2,7727-37-9,n-propionaldehyde,123-38-6,0.0045,30,0.9955,8.6081,N#N,CCC=O
n2,7727-37-9,n-propionaldehyde,123-38-6,0.0071,30,0.9929,13.501,N#N,CCC=O
n2,7727-37-9,n-propionaldehyde,123-38-6,0.0103,30,0.9897,19.428,N#N,CCC=O
n2,7727-37-9,n-propionaldehyde,123-38-6,0.0154,30,0.9846,28.838,N#N,CCC=O
n2,7727-37-9,phenol,108-95-2,0.0033,55,0.9967,40.3,N#N,C1=CC=C(C=C1)O
n2,7727-37-9,phenol,108-95-2,0.0068,55,0.9932,50.2,N#N,C1=CC=C(C=C1)O
n2,7727-37-9,phenol,108-95-2,0.009,55,0.991,60.4,N#N,C1=CC=C(C=C1)O
n2,7727-37-9,phenol,108-95-2,0.0105,55,0.9895,70.5,N#N,C1=CC=C(C=C1)O
n2,7727-37-9,phenol,108-95-2,0.0128,55,0.9872,80.3,N#N,C1=CC=C(C=C1)O
n2,7727-37-9,toluene,108-88-3,0.0009,30,0.9991,1.7265,N#N,CC1=CC=CC=C1
n2,7727-37-9,toluene,108-88-3,0.0025,30,0.9975,4.7245,N#N,CC1=CC=CC=C1
n2,7727-37-9,toluene,108-88-3,0.0049,30,0.9951,9.4249,N#N,CC1=CC=CC=C1
n2,7727-37-9,toluene,108-88-3,0.0079,30,0.9921,15.268,N#N,CC1=CC=CC=C1
n2,7727-37-9,toluene,108-88-3,0.0117,30,0.9883,22.713,N#N,CC1=CC=CC=C1
n2,7727-37-9,toluene,108-88-3,0.0151,30,0.9849,29.495,N#N,CC1=CC=CC=C1
n2,7727-37-9,toluene,108-88-3,0.056,40,0.944,102.0,N#N,CC1=CC=CC=C1
n2,7727-37-9,toluene,108-88-3,0.097,40,0.903,200.0,N#N,CC1=CC=CC=C1
n2,7727-37-9,toluene,108-88-3,0.128,40,0.872,303.0,N#N,CC1=CC=CC=C1
n2,7727-37-9,toluene,108-88-3,0.018,50,0.982,36.4,N#N,CC1=CC=CC=C1
n2,7727-37-9,toluene,108-88-3,0.032,50,0.968,70.4,N#N,CC1=CC=CC=C1
n2,7727-37-9,toluene,108-88-3,0.062,50,0.938,141.7,N#N,CC1=CC=CC=C1
n2,7727-37-9,toluene,108-88-3,0.088,50,0.912,211.7,N#N,CC1=CC=CC=C1
n2,7727-37-9,toluene,108-88-3,0.109,50,0.891,277.5,N#N,CC1=CC=CC=C1
n2,7727-37-9,toluene,108-88-3,0.139,50,0.861,353.5,N#N,CC1=CC=CC=C1
